epoch,train_loss,train_acc,lr,val_loss,val_top1,val_macro_f1,val_ece,sec_train
1,1.1691981176050699,0.6159489329268293,0.001,0.613658046150371,0.8043416166809483,0.7477330909257217,0.07192411848093148,18.880214363999585
2,0.5746135551755022,0.8099275914634146,0.0009698463103929542,0.4542244998293923,0.8528991716652385,0.8122307838418616,0.049727910157908214,19.94127691199992
3,0.4737609946509687,0.8412728658536586,0.000883022221559489,0.4534498853739314,0.8491859468723222,0.8136732333736929,0.03196999734107975,18.367785009999352
4,0.44256743970440654,0.850514481707317,0.00075,0.4028591399565999,0.8757497857754927,0.842592179577827,0.04323458224911451,18.393622448000315
5,0.4105160403542402,0.8651867378048781,0.0005868240888334653,0.3909300407727287,0.8703227649243074,0.8366149754991661,0.026430434243054128,18.885538626998823
6,0.3877344908329045,0.8705221036585366,0.00041317591116653486,0.3720130368373422,0.8817480719794345,0.8531040251003923,0.033879695088887773,18.859427358000175
7,0.3716141547916866,0.8786204268292683,0.0002500000000000001,0.3592552427682356,0.887460725506998,0.8568583500326432,0.03438937822604733,18.572711905000688
8,0.36324787485163385,0.8807164634146342,0.00011697777844051105,0.3614769996881008,0.8840331333904599,0.854376760571607,0.034313891851537735,18.692046679001578
9,0.3582549553091933,0.8803353658536586,3.0153689607045842e-05,0.36098669097785163,0.8811768066266781,0.8507761022381458,0.028463701206093737,18.7736409930003
10,0.3502459056311991,0.8841463414634146,0.0,0.36044566917678217,0.8831762353613254,0.8529907725055668,0.028111890897053078,18.722563686000285
