exp_id,phương pháp,mô hình,K,macro_f1,top1,ece,nll,ghi chú,p50_ms_b1,p95_ms_b1,p99_ms_b1,images_per_s,chi phí tương đối vs I00
I00,1 view (mốc),F01 (convnext_tiny),1,0.9706778541417537,0.9768637532133676,0.005910407007355255,0.08284398513763941,,6.266318499910994,6.650110399959885,7.215489279860776,198.77567292266875,1.0
I01,TTA lật ngang,F01 (convnext_tiny),2,0.9734595788938248,0.9797200799771494,0.008581936225460112,0.08133156566830627,,12.472347499965508,13.022229500131743,14.184881969961227,,1.9903788005896386
I02a,TTA 5 crop,F01 (convnext_tiny),5,0.9750873289014774,0.980576978006284,0.009908646089712992,0.08002879049767953,,29.76400450006622,31.754189100183794,32.18341482013557,,4.749839080233311
I02b,TTA 5 crop + lật,F01 (convnext_tiny),10,0.974986320999943,0.980576978006284,0.009004914779844747,0.07929509611361703,,60.17497100003766,61.33221959994444,61.66697150994423,,9.60292251357673
I03a,"TTA 5 crop, gộp prob",F01 (convnext_tiny),5,0.9750873289014774,0.980576978006284,0.009908646089712992,0.08002879049767953,,29.76400450006622,31.754189100183794,32.18341482013557,,4.749839080233311
I03b,"TTA 5 crop, gộp logit",F01 (convnext_tiny),5,0.9750873289014774,0.980576978006284,0.006833290461922086,0.07898063438920848,,29.76400450006622,31.754189100183794,32.18341482013557,,4.749839080233311
I04_224,độ phân giải kiểm tra 224,F01 (convnext_tiny),1,0.9706778541417537,0.9768637532133676,0.005910407007355255,0.08284398513763941,,,,,,1.0
I04_256,độ phân giải kiểm tra 256,F01 (convnext_tiny),1,0.9751508197951101,0.980576978006284,0.007310866482778364,0.07264240486940782,,,,,,1.0
I04_288,độ phân giải kiểm tra 288,F01 (convnext_tiny),1,0.974381370943138,0.9802913453299057,0.004803829046405899,0.06855086779064216,,,,,,1.0
I04_320,độ phân giải kiểm tra 320,F01 (convnext_tiny),1,0.972094788580284,0.9777206512425022,0.004720177400267248,0.07245319299381958,,,,,,1.0
I07,Temperature scaling (T khớp trên val),F01 (convnext_tiny),1,0.9706778541417537,0.9768637532133676,0.006333974449562281,0.08264449917384582,T=1.049; ECE nửa B: 0.0073 -> 0.0066 (T khớp trên nửa A),,,,,1.0
I08a,Gộp BN vào conv (FP32),F01 (convnext_tiny),1,0.9706778541417537,0.9768637532133676,0.005910407007355255,0.08284398513763941,0 cặp; max|Δ|=0.0e+00 (backbone không có BatchNorm2d: không áp dụng),6.21235800008435,6.394809749929209,6.9822387398767205,204.02009613257385,0.9913888035171831
I08b,AMP (autocast FP16),F01 (convnext_tiny),1,0.9703751013622062,0.9765781205369894,0.005625244686525516,0.08294522317509236,,8.057955000140282,8.59462035003844,8.899148579860146,616.9296147604549,1.2859153265597234
