exp_id,backbone,bn_fused,gpu,dtype,batch,img_size,p50,p95,p99,mean,n,images_per_s,torch
B01,resnet50,False,Tesla T4,fp32,1,224,7.501478999984101,11.226927050302038,11.489757960262068,8.098398010115488,100,133.30704518430557,2.11.0+cu130
B01,resnet50,False,Tesla T4,amp,1,224,10.57143449997966,13.836299749164027,14.5114753604139,11.063407769870537,100,94.59454154513506,2.11.0+cu130
B01,resnet50,False,Tesla T4,fp32,32,224,114.98966999988625,118.36213875003523,119.2588793795403,114.9337448400911,100,278.28586689597125,2.11.0+cu130
B01,resnet50,False,Tesla T4,amp,32,224,45.760310500554624,46.660595999765064,47.04806044965154,45.815246969996224,100,699.2959542879884,2.11.0+cu130
B02,resnext50_32x4d,False,Tesla T4,fp32,1,224,7.975891499881982,9.846809350165131,13.690776840576294,8.299198710010387,100,125.37783394054406,2.11.0+cu130
B02,resnext50_32x4d,False,Tesla T4,amp,1,224,7.410645499476232,8.394742449854673,12.838718779185006,7.695258750063658,100,134.94101155839635,2.11.0+cu130
B02,resnext50_32x4d,False,Tesla T4,fp32,32,224,174.5354730010149,177.9003815505348,180.4411631793301,174.10939922998296,100,183.34381802038558,2.11.0+cu130
B02,resnext50_32x4d,False,Tesla T4,amp,32,224,57.95448899971234,58.84104164888413,59.52448383941373,57.916237539811846,100,552.1574006141066,2.11.0+cu130
B03,convnext_tiny,False,Tesla T4,fp32,1,224,9.946926500560949,11.716376450203825,12.67857991051642,9.483942940059933,100,100.5335668202239,2.11.0+cu130
B03,convnext_tiny,False,Tesla T4,amp,1,224,8.321763499225199,8.741766450020805,9.19335686943669,8.346577659849572,100,120.1668372446664,2.11.0+cu130
B03,convnext_tiny,False,Tesla T4,fp32,32,224,151.05378999942332,153.3771090490518,153.97733190999134,151.10280076994968,100,211.8450652586881,2.11.0+cu130
B03,convnext_tiny,False,Tesla T4,amp,32,224,54.461152499243326,55.51600814969788,55.72367118058537,54.45550614007516,100,587.5747855399242,2.11.0+cu130
B04,deit_small_patch16_224,False,Tesla T4,fp32,1,224,5.63411749953957,7.4678357490483895,10.756565260671783,5.841547559975879,100,177.4900860838848,2.11.0+cu130
B04,deit_small_patch16_224,False,Tesla T4,amp,1,224,6.394211499355151,8.259738500055391,11.498797039785133,6.668761979908595,100,156.3914487503031,2.11.0+cu130
B04,deit_small_patch16_224,False,Tesla T4,fp32,32,224,126.61749850030901,129.8426435001602,131.0483179397488,125.96319438998762,100,252.7296809605025,2.11.0+cu130
B04,deit_small_patch16_224,False,Tesla T4,amp,32,224,34.62762199978897,35.343611501048144,35.38855179956954,34.60189600005833,100,924.1177462372384,2.11.0+cu130
B05,swin_tiny_patch4_window7_224,False,Tesla T4,fp32,1,224,12.710165000498819,16.69164580071083,17.67012844989951,12.992469540040474,100,78.67718475415184,2.11.0+cu130
B05,swin_tiny_patch4_window7_224,False,Tesla T4,amp,1,224,17.163456000162114,22.95971199955602,23.23434602069029,17.323237170057837,100,58.26332412251674,2.11.0+cu130
B05,swin_tiny_patch4_window7_224,False,Tesla T4,fp32,32,224,174.7203150007408,176.9380147999982,177.3298644296665,174.59882601991922,100,183.1498529513544,2.11.0+cu130
B05,swin_tiny_patch4_window7_224,False,Tesla T4,amp,32,224,78.48356249996868,79.80813304984622,80.01555579023261,78.36215651999737,100,407.7286884118285,2.11.0+cu130
B06,efficientnet_b0,False,Tesla T4,fp32,1,224,7.547322500613518,9.731372999431187,13.218116840325827,7.840309280072688,100,132.49731940283598,2.11.0+cu130
B06,efficientnet_b0,False,Tesla T4,amp,1,224,10.104475500156695,12.090086849184441,14.315098619172229,10.405584809996071,100,98.96604727128019,2.11.0+cu130
B06,efficientnet_b0,False,Tesla T4,fp32,32,224,43.13559550064383,43.629356948713394,43.7724669214731,43.12786208003672,100,741.846719132981,2.11.0+cu130
B06,efficientnet_b0,False,Tesla T4,amp,32,224,26.42293600092671,26.85281340045549,26.900246858876926,26.4438094500656,100,1211.0690499677132,2.11.0+cu130
B07,mobilenetv3_large_100,False,Tesla T4,fp32,1,224,6.0847634995297994,7.022472399148676,10.819339791542012,6.330363190063508,100,164.34492484009857,2.11.0+cu130
B07,mobilenetv3_large_100,False,Tesla T4,amp,1,224,8.066128500104242,9.96325055084526,12.474317910346153,8.379973850151146,100,123.97521313813394,2.11.0+cu130
B07,mobilenetv3_large_100,False,Tesla T4,fp32,32,224,24.93747300013638,25.076198550868867,25.19006002044989,24.811555599953863,100,1283.2094093826186,2.11.0+cu130
B07,mobilenetv3_large_100,False,Tesla T4,amp,32,224,14.945876000638236,15.098639500411082,15.691425689565223,14.936498289935116,100,2141.0588445022227,2.11.0+cu130
