cấu hình,bn_fused,gpu,dtype,batch,img_size,p50,p95,p99,mean,n,images_per_s,torch,k_views,p50_1view,k_x_p50_1view,ratio_vs_k_x_single
I00 FP32,False,Tesla T4,fp32,1,224,6.266318499910994,6.650110399959885,7.215489279860776,6.282090519996473,100.0,159.58333429974934,2.11.0+cu128,,,,
I00 FP32,False,Tesla T4,fp32,32,224,160.98549449986876,164.57298454987495,166.56114130985316,160.01374308998493,100.0,198.77567292266875,2.11.0+cu128,,,,
I08a gộp BN FP32,True,Tesla T4,fp32,1,224,6.21235800008435,6.394809749929209,6.9822387398767205,6.215884950001964,100.0,160.96947406869054,2.11.0+cu128,,,,
I08a gộp BN FP32,True,Tesla T4,fp32,32,224,156.84729399993103,162.8810632501768,163.58554459012112,157.40591302000666,100.0,204.02009613257385,2.11.0+cu128,,,,
I08b AMP,False,Tesla T4,amp,1,224,8.057955000140282,8.59462035003844,8.899148579860146,8.11706755000614,100.0,124.10096606180983,2.11.0+cu128,,,,
I08b AMP,False,Tesla T4,amp,32,224,51.869774500005406,53.468557400094596,53.88657905008814,51.96548601999666,100.0,616.9296147604549,2.11.0+cu128,,,,
FP16 .half(),False,Tesla T4,fp16,1,224,5.733320499984984,6.097219499838502,6.320312429943444,5.764406750001854,100.0,174.41899506623065,2.11.0+cu128,,,,
FP16 .half(),False,Tesla T4,fp16,32,224,42.63679350003713,43.57747089994746,43.700882209980136,42.51071921999937,100.0,750.5254821747357,2.11.0+cu128,,,,
I01 TTA lật,False,,fp32,1,224,12.472347499965508,13.022229500131743,14.184881969961227,,,,2.11.0+cu128,2.0,5.934734999982538,11.869469999965077,1.050792284744155
I02a TTA 5 crop,False,,fp32,1,224,29.76400450006622,31.754189100183794,32.18341482013557,,,,2.11.0+cu128,5.0,5.962037500125916,29.81018750062958,0.998450764505846
I02b TTA 5 crop+lật,False,,fp32,1,224,60.17497100003766,61.33221959994444,61.66697150994423,,,,2.11.0+cu128,10.0,5.998110499945142,59.98110499945142,1.0032321178575823
